,dataset,score,time
0,1_r,11.699119328400574,7.91574501991272
1,2_r,1.2025001668490136,51.469507694244385
2,3_r,13258.658787686656,74.08733296394348
3,4_c,0.9998686888554368,150.34715294837952
4,5_c,0.7892876687105762,292.5374937057495
5,6_c,0.6603385075889981,141.35956001281738
6,7_c,0.8206793915381698,519.9199469089508
7,8_c,0.8826053456934709,969.1855833530426
