,dataset,score,time
0,1_r,11.518697704080605,0.4647481441497803
1,2_r,1.1896489969804334,2.7146942615509033
2,3_r,108101.34635076148,19.137004375457764
3,4_c,0.9996221323670319,50.80885624885559
4,5_c,0.7841207570065537,32.163058280944824
5,6_c,0.6584700327851294,52.38023924827576
6,7_c,0.8452413040558434,252.71912240982056
7,8_c,0.8860894773163612,483.0315725803375
