,dataset,score,time
0,1_r,10.508640232925195,0.4173600673675537
1,2_r,1.1931770769706682,2.848231792449951
2,3_r,108134.59060725998,22.76046347618103
3,4_c,0.9996246172108768,54.36373686790466
4,5_c,0.7842281253682151,30.050031661987305
5,6_c,0.6573353129035296,50.4393048286438
6,7_c,0.8458549035606577,89.56396007537842
7,8_c,0.8859360654988315,413.66567850112915
