,dataset,score,time
0,1_r,10.508640232925195,0.4118518829345703
1,2_r,1.1979058360185224,2.890204668045044
2,3_r,108134.59060725998,22.78771996498108
3,4_c,0.9996246172108768,57.53163003921509
4,5_c,0.7842281253682151,35.307820320129395
5,6_c,0.6573353129035296,58.8140435218811
6,7_c,0.8456706852431903,103.94036483764648
7,8_c,0.8880096019642518,491.99654960632324
