,dataset,score,time
0,1_r,12.607141344870088,4.640860319137573
1,2_r,1.169612533284002,13.255802392959595
2,3_r,9330.765164332053,4.413942098617554
3,4_c,0.9998545022665575,50.98062992095947
4,5_c,0.7802267279572701,44.07564115524292
5,6_c,0.6580880139211054,33.40179085731506
6,7_c,0.8380171610888556,233.15869045257568
7,8_c,0.883360446105915,381.20134830474854
