,dataset,score,time
0,1_r,10.508640232925195,0.39510583877563477
1,2_r,1.1979058360185224,3.222506046295166
2,3_r,108134.59060725998,20.72572088241577
3,4_c,0.9996246172108768,53.515397787094116
4,5_c,0.7842281253682151,31.7535982131958
5,6_c,0.6573353129035296,53.19194149971008
6,7_c,0.8456706852431903,98.50757265090942
7,8_c,0.8881232882617754,485.96722650527954
