,dataset,score,time
0,1_r,11.60463871448938,0.4407203197479248
1,2_r,1.1896489969804334,3.3057544231414795
2,3_r,108119.64422075862,23.883352756500244
3,4_c,0.9996221323670319,72.59324312210083
4,5_c,0.7841207570065537,44.0429790019989
5,6_c,0.6584700327851294,55.119659423828125
6,7_c,0.8452413040558434,273.01252126693726
7,8_c,0.8860894773163612,548.7345545291901
